pmc_id,title,journal,year,license,label,url,pdf_url
PMC13244080,Comparison of ultrasound probe location and sonographic findings used for the evaluation of pneumothorax in canine cadavers: a pilot study,Frontiers in Veterinary Science,2026,by,CC BY,https://pmc.ncbi.nlm.nih.gov/articles/PMC13244080/,https://pmc.ncbi.nlm.nih.gov/articles/PMC13244080/pdf/
PMC13246224,Diagnostic Utility of Muscle Ultrasound for Sarcopenia in Prader–Willi Syndrome: A Cross‐Sectional Study,"Journal of Cachexia, Sarcopenia and Muscle",2026,by,CC BY,https://pmc.ncbi.nlm.nih.gov/articles/PMC13246224/,https://pmc.ncbi.nlm.nih.gov/articles/PMC13246224/pdf/
PMC13237808,Ultrasound-Detected Ulnar Nerve Entrapment With Normal Electrodiagnostic Studies Following Thoracic Outlet Decompression: A Case Report,Cureus,2026,by,CC BY,https://pmc.ncbi.nlm.nih.gov/articles/PMC13237808/,https://pmc.ncbi.nlm.nih.gov/articles/PMC13237808/pdf/
PMC13239518,"Association between joint tenderness, patient-reported joint pain and ultrasound abnormalities in anti-CCP positive individuals at risk of rheumatoid arthritis: a cross-sectional study from a Leeds (UK) cohort",BMJ Open,2026,by,CC BY,https://pmc.ncbi.nlm.nih.gov/articles/PMC13239518/,https://pmc.ncbi.nlm.nih.gov/articles/PMC13239518/pdf/
PMC13229876,Case Report: Ultrasound-guided nerve mobilization and rehabilitation for non-traumatic posterior interosseous nerve palsy associated with a ganglion cyst,Frontiers in Rehabilitation Sciences,2026,by,CC BY,https://pmc.ncbi.nlm.nih.gov/articles/PMC13229876/,https://pmc.ncbi.nlm.nih.gov/articles/PMC13229876/pdf/
PMC13223049,Deep learning classification of reproductive tissue from ultrasound: sex determination in red abalone (Haliotis rufescens),Frontiers in Artificial Intelligence,2026,by,CC BY,https://pmc.ncbi.nlm.nih.gov/articles/PMC13223049/,https://pmc.ncbi.nlm.nih.gov/articles/PMC13223049/pdf/
PMC13223412,Clinical Efficacy of Ultrasound Guidance in Brachial Plexus Nerve Conduction Study: A Comparative Analysis,Current Medical Imaging,2025,by,CC BY,https://pmc.ncbi.nlm.nih.gov/articles/PMC13223412/,https://pmc.ncbi.nlm.nih.gov/articles/PMC13223412/pdf/
PMC13212129,Exploring the clinical value of quantitative ultrasound scoring method in optimizing the classification of breast BI-RADS category 4a nodules in the Tibetan Plateau region,Frontiers in Oncology,2026,by,CC BY,https://pmc.ncbi.nlm.nih.gov/articles/PMC13212129/,https://pmc.ncbi.nlm.nih.gov/articles/PMC13212129/pdf/
PMC13205574,"Advancements in Ultrasound Gel Pad Technologies: Enhancing Diagnostic Precision, Procedural Efficiency, and Therapeutic Applications",Gels,2026,by,CC BY,https://pmc.ncbi.nlm.nih.gov/articles/PMC13205574/,https://pmc.ncbi.nlm.nih.gov/articles/PMC13205574/pdf/
PMC13207774,From Invisible to Visible: Cutting-Edge Ultrasound Insights into Entheses of the Distal Extremities in Rheumatology,Journal of Clinical Medicine,2026,by,CC BY,https://pmc.ncbi.nlm.nih.gov/articles/PMC13207774/,https://pmc.ncbi.nlm.nih.gov/articles/PMC13207774/pdf/
PMC13203252,B-Mode Ultrasound Diagnostics of Orthopaedic Diseases in Clinical Avian Medicine: Comparative Study,Animals : an Open Access Journal from MDPI,2026,by,CC BY,https://pmc.ncbi.nlm.nih.gov/articles/PMC13203252/,https://pmc.ncbi.nlm.nih.gov/articles/PMC13203252/pdf/
PMC13198186,Efficacy of Lateral Sagittal Versus Costoclavicular Approach in Ultrasound-Guided Infraclavicular Block for Below Elbow Surgery: A Randomized Controlled Trial,Cureus,2026,by,CC BY,https://pmc.ncbi.nlm.nih.gov/articles/PMC13198186/,https://pmc.ncbi.nlm.nih.gov/articles/PMC13198186/pdf/
PMC13187883,Ultrasound-Guided Synovial Biopsy in Chronic Knee Monoarthritis: A Case Series Highlighting Its Diagnostic Value,Cureus,2026,by,CC BY,https://pmc.ncbi.nlm.nih.gov/articles/PMC13187883/,https://pmc.ncbi.nlm.nih.gov/articles/PMC13187883/pdf/
PMC13181199,A Contrast-enhanced Ultrasound Grading of Lymphatic Vessels: A Correlative Study and A Therapeutic Suggestion to Secondary Limb Lymphoedema,Current Medical Imaging,2025,by,CC BY,https://pmc.ncbi.nlm.nih.gov/articles/PMC13181199/,https://pmc.ncbi.nlm.nih.gov/articles/PMC13181199/pdf/
PMC13169557,Multimodal model integrating ultrasound and demographic data for the diagnosis of knee osteoarthritis,BMC Medical Imaging,2026,by,CC BY,https://pmc.ncbi.nlm.nih.gov/articles/PMC13169557/,https://pmc.ncbi.nlm.nih.gov/articles/PMC13169557/pdf/
PMC13162131,Subacromial bursa augmentation in arthroscopic rotator cuff repair: Clinical and doppler ultrasound assessment—A preliminary study,Journal of Experimental Orthopaedics,2026,by,CC BY,https://pmc.ncbi.nlm.nih.gov/articles/PMC13162131/,https://pmc.ncbi.nlm.nih.gov/articles/PMC13162131/pdf/
PMC12075161,The Radial Arc technique: A systematic ultrasound method to imaging the distal biceps brachii tendon from a medial approach with anatomical insights,Ultrasound: Journal of the British Medical Ultrasound Society,2025,by,CC BY,https://pmc.ncbi.nlm.nih.gov/articles/PMC12075161/,https://pmc.ncbi.nlm.nih.gov/articles/PMC12075161/pdf/
PMC13138356,Nerve Ultrasound Detects Peripheral Nerve Enlargement in Cerebrotendinous Xanthomatosis,Muscle &amp; Nerve,2026,by,CC BY,https://pmc.ncbi.nlm.nih.gov/articles/PMC13138356/,https://pmc.ncbi.nlm.nih.gov/articles/PMC13138356/pdf/
PMC13128015,Mechanical Analysis of Needles Used in Ultrasound-Guided Musculoskeletal Interventions,Physiological Research,2026,by,CC BY,https://pmc.ncbi.nlm.nih.gov/articles/PMC13128015/,https://pmc.ncbi.nlm.nih.gov/articles/PMC13128015/pdf/
PMC13117568,Quantitative Assessment of Peripheral Nerve Echogenicity in Children and Adolescents Aged 2–17 Years: A Retrospective Cross-Sectional Ultrasound Study,Journal of Clinical Medicine,2026,by,CC BY,https://pmc.ncbi.nlm.nih.gov/articles/PMC13117568/,https://pmc.ncbi.nlm.nih.gov/articles/PMC13117568/pdf/
PMC13115292,Quantitative Imaging Biomarkers of PRP-Induced Tendon Remodelling in Chronic Tendinopathy: Review and Single-Centre Experience with Ultrasound Radiomics and MRI T2 Profiling,Diagnostics,2026,by,CC BY,https://pmc.ncbi.nlm.nih.gov/articles/PMC13115292/,https://pmc.ncbi.nlm.nih.gov/articles/PMC13115292/pdf/
PMC13097593,Intracavernous and Intravenous Use of Contrast‐Enhanced Ultrasound in Children: A Report of Five Cases and Review of the Literature,Pediatric Discovery,2026,by,CC BY,https://pmc.ncbi.nlm.nih.gov/articles/PMC13097593/,https://pmc.ncbi.nlm.nih.gov/articles/PMC13097593/pdf/
PMC13088599,The hidden architecture of back pain: ultrasound-based lumbar multifidus pennation angle analysis - a cross-sectional pilot study,BMC Musculoskeletal Disorders,2026,by,CC BY,https://pmc.ncbi.nlm.nih.gov/articles/PMC13088599/,https://pmc.ncbi.nlm.nih.gov/articles/PMC13088599/pdf/
PMC13079488,Musculoskeletal ultrasound in the emergency department: a narrative review for general radiologists,Emergency Radiology,2025,by,CC BY,https://pmc.ncbi.nlm.nih.gov/articles/PMC13079488/,https://pmc.ncbi.nlm.nih.gov/articles/PMC13079488/pdf/
PMC11559802,A Survey of Upper Extremity Musculoskeletal Ultrasound Use in a Surgical Practice,Plastic Surgery,2024,by,CC BY,https://pmc.ncbi.nlm.nih.gov/articles/PMC11559802/,https://pmc.ncbi.nlm.nih.gov/articles/PMC11559802/pdf/
PMC13075972,Synovitis detection in rheumatology: a systematic review and meta-analysis of contrast-enhanced ultrasound and magnetic resonance imaging,São Paulo Medical Journal,2026,by,CC BY,https://pmc.ncbi.nlm.nih.gov/articles/PMC13075972/,https://pmc.ncbi.nlm.nih.gov/articles/PMC13075972/pdf/
PMC13072802,Safety and Efficacy of Ultrasound-Accelerated Endovascular Lysis in Postoperative Patients with Intermediate–High-Risk Pulmonary Embolism: A Retrospective Two-Center Study,Journal of Clinical Medicine,2026,by,CC BY,https://pmc.ncbi.nlm.nih.gov/articles/PMC13072802/,https://pmc.ncbi.nlm.nih.gov/articles/PMC13072802/pdf/
PMC13073871,Efficacy of a Mobile Health-Supported Home-Based Resistance Exercise After Ultrasound-Guided Corticosteroid Injection in Chronic Subacromial Bursitis: A Randomized Controlled Trial,Journal of Clinical Medicine,2026,by,CC BY,https://pmc.ncbi.nlm.nih.gov/articles/PMC13073871/,https://pmc.ncbi.nlm.nih.gov/articles/PMC13073871/pdf/
